,Year,GDP string,Annual Growth Rate,Country,GDP per capita,Population,Total GDP
0,2019,"$10,262",2.86,china,10262.0,1394015977.0,14305391955974.0
1,2018,"$9,977",12.36,china,9977.0,1394015977.0,13908097402529.0
2,2017,"$8,879",8.98,china,8879.0,1394015977.0,12377467859783.0
3,2016,"$8,148",1.0,china,8148.0,1394015977.0,11358442180596.0
4,2015,"$8,067",5.06,china,8067.0,1394015977.0,11245526886459.0
5,2014,"$7,679",8.91,china,7679.0,1394015977.0,10704648687383.0
6,2013,"$7,051",11.62,china,7051.0,1394015977.0,9829206653827.0
7,2012,"$6,317",12.44,china,6317.0,1394015977.0,8805998926709.0
8,2011,"$5,618",23.46,china,5618.0,1394015977.0,7831581758786.0
9,2010,"$4,550",18.74,china,4550.0,1394015977.0,6342772695350.0
10,2009,"$3,832",10.49,china,3832.0,1394015977.0,5341869223864.0
11,2008,"$3,468",28.74,china,3468.0,1394015977.0,4834447408236.0
12,2007,"$2,694",28.33,china,2694.0,1394015977.0,3755479042038.0
13,2006,"$2,099",19.72,china,2099.0,1394015977.0,2926039535723.0
14,2005,"$1,753",16.22,china,1753.0,1394015977.0,2443710007681.0
15,2004,"$1,509",17.07,china,1509.0,1394015977.0,2103570109293.0
16,2003,"$1,289",12.2,china,1289.0,1394015977.0,1796886594353.0
17,2002,"$1,149",9.06,china,1149.0,1394015977.0,1601724357573.0
18,2001,"$1,053",9.77,china,1053.0,1394015977.0,1467898823781.0
19,2000,$959,9.86,china,959.0,1394015977.0,1336861321943.0
20,1999,$873,5.4,china,873.0,1394015977.0,1216975947921.0
21,1998,$829,5.99,china,829.0,1394015977.0,1155639244933.0
22,1997,$782,10.2,china,782.0,1394015977.0,1090120494014.0
23,1996,$709,16.36,china,709.0,1394015977.0,988357327693.0
24,1995,$610,28.76,china,610.0,1394015977.0,850349745970.0
25,1994,$473,25.47,china,473.0,1394015977.0,659369557121.0
26,1993,$377,2.98,china,377.0,1394015977.0,525544023329.0
27,1992,$366,10.0,china,366.0,1394015977.0,510209847582.0
28,1991,$333,4.8,china,333.0,1394015977.0,464207320341.0
29,1990,$318,2.25,china,318.0,1394015977.0,443297080686.0
30,1989,$311,9.64,china,311.0,1394015977.0,433538968847.0
31,1988,$284,12.6,china,284.0,1394015977.0,395900537468.0
32,1987,$252,-10.68,china,252.0,1394015977.0,351292026204.0
33,1986,$282,-4.26,china,282.0,1394015977.0,393112505514.0
34,1985,$294,17.45,china,294.0,1394015977.0,409840697238.0
35,1984,$251,11.21,china,251.0,1394015977.0,349898010227.0
36,1983,$225,10.87,china,225.0,1394015977.0,313653594825.0
37,1982,$203,3.18,china,203.0,1394015977.0,282985243331.0
38,1981,$197,1.16,china,197.0,1394015977.0,274621147469.0
39,1980,$195,5.88,china,195.0,1394015977.0,271833115515.0
40,1979,$184,17.64,china,184.0,1394015977.0,256498939768.0
41,1978,$156,-15.65,china,156.0,1394015977.0,217466492412.0
42,1977,$185,12.1,china,185.0,1394015977.0,257892955745.0
43,1976,$165,-7.25,china,165.0,1394015977.0,230012636205.0
44,1975,$178,11.37,china,178.0,1394015977.0,248134843906.0
45,1974,$160,1.94,china,160.0,1394015977.0,223042556320.0
46,1973,$157,19.11,china,157.0,1394015977.0,218860508389.0
47,1972,$132,11.15,china,132.0,1394015977.0,184010108964.0
48,1971,$119,4.85,china,119.0,1394015977.0,165887901263.0
49,1970,$113,13.02,china,113.0,1394015977.0,157523805401.0
50,1969,$100,9.46,china,100.0,1394015977.0,139401597700.0
51,1968,$91,-5.3,china,91.0,1394015977.0,126855453907.0
52,1967,$97,-7.41,china,97.0,1394015977.0,135219549769.0
53,1966,$104,5.93,china,104.0,1394015977.0,144977661608.0
54,1965,$98,15.19,china,98.0,1394015977.0,136613565746.0
55,1964,$85,15.05,china,85.0,1394015977.0,118491358045.0
56,1963,$74,4.8,china,74.0,1394015977.0,103157182298.0
57,1962,$71,-6.46,china,71.0,1394015977.0,98975134367.0
58,1961,$76,-15.32,china,76.0,1394015977.0,105945214252.0
59,1960,$90,-15.32,china,90.0,1394015977.0,125461437930.0
60,2019,"$2,104",4.9,india,2104.0,1326093247.0,2790100191688.0
61,2018,"$2,006",1.22,india,2006.0,1326093247.0,2660143053482.0
62,2017,"$1,982",14.38,india,1982.0,1326093247.0,2628316815554.0
63,2016,"$1,733",7.91,india,1733.0,1326093247.0,2298119597051.0
64,2015,"$1,606",2.02,india,1606.0,1326093247.0,2129705754682.0
65,2014,"$1,574",8.57,india,1574.0,1326093247.0,2087270770778.0
66,2013,"$1,450",0.4,india,1450.0,1326093247.0,1922835208150.0
67,2012,"$1,444",-0.98,india,1444.0,1326093247.0,1914878648668.0
68,2011,"$1,458",7.41,india,1458.0,1326093247.0,1933443954126.0
69,2010,"$1,358",23.2,india,1358.0,1326093247.0,1800834629426.0
70,2009,"$1,102",10.36,india,1102.0,1326093247.0,1461354758194.0
71,2008,$999,-2.9,india,999.0,1326093247.0,1324767153753.0
72,2007,"$1,028",27.47,india,1028.0,1326093247.0,1363223857916.0
73,2006,$807,12.85,india,807.0,1326093247.0,1070157250329.0
74,2005,$715,13.87,india,715.0,1326093247.0,948156671605.0
75,2004,$628,14.82,india,628.0,1326093247.0,832786559116.0
76,2003,$547,16.08,india,547.0,1326093247.0,725373006109.0
77,2002,$471,4.3,india,471.0,1326093247.0,624589919337.0
78,2001,$452,1.86,india,452.0,1326093247.0,599394147644.0
79,2000,$443,0.3,india,443.0,1326093247.0,587459308421.0
80,1999,$442,6.94,india,442.0,1326093247.0,586133215174.0
81,1998,$413,-0.53,india,413.0,1326093247.0,547676511011.0
82,1997,$415,3.89,india,415.0,1326093247.0,550328697505.0
83,1996,$400,7.01,india,400.0,1326093247.0,530437298800.0
84,1995,$374,7.99,india,374.0,1326093247.0,495958874378.0
85,1994,$346,14.92,india,346.0,1326093247.0,458828263462.0
86,1993,$301,-4.98,india,301.0,1326093247.0,399154067347.0
87,1992,$317,4.59,india,317.0,1326093247.0,420371559299.0
88,1991,$303,-17.55,india,303.0,1326093247.0,401806253841.0
89,1990,$368,6.2,india,368.0,1326093247.0,488002314896.0
90,1989,$346,-2.27,india,346.0,1326093247.0,458828263462.0
91,1988,$354,4.03,india,354.0,1326093247.0,469437009438.0
92,1987,$340,9.65,india,340.0,1326093247.0,450871703980.0
93,1986,$310,4.73,india,310.0,1326093247.0,411088906570.0
94,1985,$296,7.14,india,296.0,1326093247.0,392523601112.0
95,1984,$277,-5.0,india,277.0,1326093247.0,367327829419.0
96,1983,$291,6.25,india,291.0,1326093247.0,385893134877.0
97,1982,$274,1.35,india,274.0,1326093247.0,363349549678.0
98,1981,$270,1.46,india,270.0,1326093247.0,358045176690.0
99,1980,$267,19.01,india,267.0,1326093247.0,354066896949.0
100,1979,$224,8.9,india,224.0,1326093247.0,297044887328.0
101,1978,$206,10.46,india,206.0,1326093247.0,273175208882.0
102,1977,$186,15.59,india,186.0,1326093247.0,246653343942.0
103,1976,$161,1.93,india,161.0,1326093247.0,213501012767.0
104,1975,$158,-3.33,india,158.0,1326093247.0,209522733026.0
105,1974,$163,13.7,india,163.0,1326093247.0,216153199261.0
106,1973,$144,16.91,india,144.0,1326093247.0,190957427568.0
107,1972,$123,3.69,india,123.0,1326093247.0,163109469381.0
108,1971,$119,5.49,india,119.0,1326093247.0,157805096393.0
109,1970,$112,4.47,india,112.0,1326093247.0,148522443664.0
110,1969,$108,7.76,india,108.0,1326093247.0,143218070676.0
111,1968,$100,3.67,india,100.0,1326093247.0,132609324700.0
112,1967,$96,7.05,india,96.0,1326093247.0,127304951712.0
113,1966,$90,-24.57,india,90.0,1326093247.0,119348392230.0
114,1965,$119,3.27,india,119.0,1326093247.0,157805096393.0
115,1964,$116,14.25,india,116.0,1326093247.0,153826816652.0
116,1963,$101,12.51,india,101.0,1326093247.0,133935417947.0
117,1962,$90,5.3,india,90.0,1326093247.0,119348392230.0
118,1961,$85,3.85,india,85.0,1326093247.0,112717925995.0
119,1960,$82,3.85,india,82.0,1326093247.0,108739646254.0
120,2019,"$65,281",3.63,united states,65281.0,329877505.0,21534733403905.0
121,2018,"$62,997",5.07,united states,62997.0,329877505.0,20781293182485.0
122,2017,"$59,958",3.5,united states,59958.0,329877505.0,19778795444790.0
123,2016,"$57,928",1.94,united states,57928.0,329877505.0,19109144109640.0
124,2015,"$56,823",3.22,united states,56823.0,329877505.0,18744629466615.0
125,2014,"$55,048",3.63,united states,55048.0,329877505.0,18159096895240.0
126,2013,"$53,118",2.92,united states,53118.0,329877505.0,17522433310590.0
127,2012,"$51,611",3.46,united states,51611.0,329877505.0,17025307910555.0
128,2011,"$49,887",2.93,united states,49887.0,329877505.0,16456599091935.0
129,2010,"$48,468",2.9,united states,48468.0,329877505.0,15988502912340.0
130,2009,"$47,100",-2.65,united states,47100.0,329877505.0,15537230485500.0
131,2008,"$48,383",0.85,united states,48383.0,329877505.0,15960463324415.0
132,2007,"$47,976",3.62,united states,47976.0,329877505.0,15826203179880.0
133,2006,"$46,299",4.95,united states,46299.0,329877505.0,15272998603995.0
134,2005,"$44,115",5.76,united states,44115.0,329877505.0,14552546133075.0
135,2004,"$41,713",5.61,united states,41713.0,329877505.0,13760180366065.0
136,2003,"$39,496",3.87,united states,39496.0,329877505.0,13028841937480.0
137,2002,"$38,023",2.4,united states,38023.0,329877505.0,12542932372615.0
138,2001,"$37,133",2.2,united states,37133.0,329877505.0,12249341393165.0
139,2000,"$36,335",5.28,united states,36335.0,329877505.0,11986099144175.0
140,1999,"$34,514",5.05,united states,34514.0,329877505.0,11385392207570.0
141,1998,"$32,854",4.43,united states,32854.0,329877505.0,10837795549270.0
142,1997,"$31,459",4.98,united states,31459.0,329877505.0,10377616429795.0
143,1996,"$29,968",4.45,united states,29968.0,329877505.0,9885769069840.0
144,1995,"$28,691",3.6,united states,28691.0,329877505.0,9464515495955.0
145,1994,"$27,695",4.96,united states,27695.0,329877505.0,9135957500975.0
146,1993,"$26,387",3.81,united states,26387.0,329877505.0,8704477724435.0
147,1992,"$25,419",4.42,united states,25419.0,329877505.0,8385156299595.0
148,1991,"$24,342",1.9,united states,24342.0,329877505.0,8029878226710.0
149,1990,"$23,889",4.51,united states,23889.0,329877505.0,7880443716945.0
150,1989,"$22,857",6.72,united states,22857.0,329877505.0,7540010131785.0
151,1988,"$21,417",6.88,united states,21417.0,329877505.0,7064986524585.0
152,1987,"$20,039",5.07,united states,20039.0,329877505.0,6610415322695.0
153,1986,"$19,071",4.58,united states,19071.0,329877505.0,6291093897855.0
154,1985,"$18,237",6.52,united states,18237.0,329877505.0,6015976058685.0
155,1984,"$17,121",10.15,united states,17121.0,329877505.0,5647832763105.0
156,1983,"$15,544",7.69,united states,15544.0,329877505.0,5127615937720.0
157,1982,"$14,434",3.27,united states,14434.0,329877505.0,4761451907170.0
158,1981,"$13,976",11.14,united states,13976.0,329877505.0,4610368009880.0
159,1980,"$12,575",7.71,united states,12575.0,329877505.0,4148209625375.0
160,1979,"$11,674",10.5,united states,11674.0,329877505.0,3850989993370.0
161,1978,"$10,565",11.77,united states,10565.0,329877505.0,3485155840325.0
162,1977,"$9,453",10.01,united states,9453.0,329877505.0,3118332054765.0
163,1976,"$8,592",10.14,united states,8592.0,329877505.0,2834307522960.0
164,1975,"$7,801",7.97,united states,7801.0,329877505.0,2573374416505.0
165,1974,"$7,226",7.42,united states,7226.0,329877505.0,2383694851130.0
166,1973,"$6,726",10.38,united states,6726.0,329877505.0,2218756098630.0
167,1972,"$6,094",8.64,united states,6094.0,329877505.0,2010273515470.0
168,1971,"$5,609",7.17,united states,5609.0,329877505.0,1850282925545.0
169,1970,"$5,234",4.02,united states,5234.0,329877505.0,1726578861170.0
170,1969,"$5,032",7.16,united states,5032.0,329877505.0,1659943605160.0
171,1968,"$4,696",8.29,united states,4696.0,329877505.0,1549104763480.0
172,1967,"$4,336",4.59,united states,4336.0,329877505.0,1430348861680.0
173,1966,"$4,146",8.33,united states,4146.0,329877505.0,1367672135730.0
174,1965,"$3,828",7.1,united states,3828.0,329877505.0,1262771089140.0
175,1964,"$3,574",5.91,united states,3574.0,329877505.0,1178982202870.0
176,1963,"$3,375",4.03,united states,3375.0,329877505.0,1113336579375.0
177,1962,"$3,244",5.78,united states,3244.0,329877505.0,1070122626220.0
178,1961,"$3,067",1.98,united states,3067.0,329877505.0,1011734307835.0
179,1960,"$3,007",1.98,united states,3007.0,329877505.0,991941657535.0
180,2019,"$4,136",6.21,indonesia,4136.0,267026366.0,1104421049776.0
181,2018,"$3,894",1.46,indonesia,3894.0,267026366.0,1039800669204.0
182,2017,"$3,838",7.71,indonesia,3838.0,267026366.0,1024847192708.0
183,2016,"$3,563",6.94,indonesia,3563.0,267026366.0,951414942058.0
184,2015,"$3,332",-4.58,indonesia,3332.0,267026366.0,889731851512.0
185,2014,"$3,492",-3.65,indonesia,3492.0,267026366.0,932456070072.0
186,2013,"$3,624",-1.91,indonesia,3624.0,267026366.0,967703550384.0
187,2012,"$3,694",1.41,indonesia,3694.0,267026366.0,986395396004.0
188,2011,"$3,643",16.68,indonesia,3643.0,267026366.0,972777051338.0
189,2010,"$3,122",38.08,indonesia,3122.0,267026366.0,833656314652.0
190,2009,"$2,261",4.36,indonesia,2261.0,267026366.0,603746613526.0
191,2008,"$2,167",16.5,indonesia,2167.0,267026366.0,578646135122.0
192,2007,"$1,860",17.0,indonesia,1860.0,267026366.0,496669040760.0
193,2006,"$1,590",25.85,indonesia,1590.0,267026366.0,424571921940.0
194,2005,"$1,263",9.83,indonesia,1263.0,267026366.0,337254300258.0
195,2004,"$1,150",7.94,indonesia,1150.0,267026366.0,307080320900.0
196,2003,"$1,066",18.38,indonesia,1066.0,267026366.0,284650106156.0
197,2002,$900,20.3,indonesia,900.0,267026366.0,240323729400.0
198,2001,$748,-4.09,indonesia,748.0,267026366.0,199735721768.0
199,2000,$780,16.26,indonesia,780.0,267026366.0,208280565480.0
200,1999,$671,44.65,indonesia,671.0,267026366.0,179174691586.0
201,1998,$464,-56.38,indonesia,464.0,267026366.0,123900233824.0
202,1997,"$1,064",-6.48,indonesia,1064.0,267026366.0,284116053424.0
203,1996,"$1,137",10.82,indonesia,1137.0,267026366.0,303608978142.0
204,1995,"$1,026",12.52,indonesia,1026.0,267026366.0,273969051516.0
205,1994,$912,10.18,indonesia,912.0,267026366.0,243528045792.0
206,1993,$828,21.4,indonesia,828.0,267026366.0,221097831048.0
207,1992,$682,7.94,indonesia,682.0,267026366.0,182111981612.0
208,1991,$632,7.98,indonesia,632.0,267026366.0,168760663312.0
209,1990,$585,10.39,indonesia,585.0,267026366.0,156210424110.0
210,1989,$530,10.01,indonesia,530.0,267026366.0,141523973980.0
211,1988,$482,8.95,indonesia,482.0,267026366.0,128706708412.0
212,1987,$442,-6.87,indonesia,442.0,267026366.0,118025653772.0
213,1986,$475,-8.14,indonesia,475.0,267026366.0,126837523850.0
214,1985,$517,-1.59,indonesia,517.0,267026366.0,138052631222.0
215,1984,$525,2.41,indonesia,525.0,267026366.0,140188842150.0
216,1983,$513,-12.11,indonesia,513.0,267026366.0,136984525758.0
217,1982,$584,3.02,indonesia,584.0,267026366.0,155943397744.0
218,1981,$567,15.26,indonesia,567.0,267026366.0,151403949522.0
219,1980,$492,37.73,indonesia,492.0,267026366.0,131376972072.0
220,1979,$357,-2.46,indonesia,357.0,267026366.0,95328412662.0
221,1978,$366,9.66,indonesia,366.0,267026366.0,97731649956.0
222,1977,$334,19.95,indonesia,334.0,267026366.0,89186806244.0
223,1976,$278,19.34,indonesia,278.0,267026366.0,74233329748.0
224,1975,$233,15.12,indonesia,233.0,267026366.0,62217143278.0
225,1974,$202,54.55,indonesia,202.0,267026366.0,53939325932.0
226,1973,$131,44.18,indonesia,131.0,267026366.0,34980453946.0
227,1972,$91,14.77,indonesia,91.0,267026366.0,24299399306.0
228,1971,$79,-0.67,indonesia,79.0,267026366.0,21095082914.0
229,1970,$80,6.85,indonesia,80.0,267026366.0,21362109280.0
230,1969,$75,14.68,indonesia,75.0,267026366.0,20026977450.0
231,1968,$65,21.51,indonesia,65.0,267026366.0,17356713790.0
232,1967,$54,21.51,indonesia,54.0,267026366.0,14419423764.0
233,2019,"$1,285",-13.33,pakistan,1285.0,233500636.0,300048317260.0
234,2018,"$1,482",1.18,pakistan,1482.0,233500636.0,346047942552.0
235,2017,"$1,465",7.05,pakistan,1465.0,233500636.0,342078431740.0
236,2016,"$1,368",0.87,pakistan,1368.0,233500636.0,319428870048.0
237,2015,"$1,357",8.43,pakistan,1357.0,233500636.0,316860363052.0
238,2014,"$1,251",3.5,pakistan,1251.0,233500636.0,292109295636.0
239,2013,"$1,209",0.9,pakistan,1209.0,233500636.0,282302268924.0
240,2012,"$1,198",2.84,pakistan,1198.0,233500636.0,279733761928.0
241,2011,"$1,165",17.98,pakistan,1165.0,233500636.0,272028240940.0
242,2010,$987,3.07,pakistan,987.0,233500636.0,230465127732.0
243,2009,$958,-3.32,pakistan,958.0,233500636.0,223693609288.0
244,2008,$991,9.11,pakistan,991.0,233500636.0,231399130276.0
245,2007,$908,8.51,pakistan,908.0,233500636.0,212018577488.0
246,2006,$837,11.74,pakistan,837.0,233500636.0,195440032332.0
247,2005,$749,8.88,pakistan,749.0,233500636.0,174891976364.0
248,2004,$688,14.76,pakistan,688.0,233500636.0,160648437568.0
249,2003,$599,12.18,pakistan,599.0,233500636.0,139866880964.0
250,2002,$534,-1.87,pakistan,534.0,233500636.0,124689339624.0
251,2001,$544,-5.5,pakistan,544.0,233500636.0,127024345984.0
252,2000,$576,26.84,pakistan,576.0,233500636.0,134496366336.0
253,1999,$454,-1.5,pakistan,454.0,233500636.0,106009288744.0
254,1998,$461,-3.18,pakistan,461.0,233500636.0,107643793196.0
255,1997,$476,-4.19,pakistan,476.0,233500636.0,111146302736.0
256,1996,$497,1.5,pakistan,497.0,233500636.0,116049816092.0
257,1995,$490,12.76,pakistan,490.0,233500636.0,114415311640.0
258,1994,$434,-1.81,pakistan,434.0,233500636.0,101339276024.0
259,1993,$442,3.11,pakistan,442.0,233500636.0,103207281112.0
260,1992,$429,4.2,pakistan,429.0,233500636.0,100171772844.0
261,1991,$412,10.81,pakistan,412.0,233500636.0,96202262032.0
262,1990,$372,-3.3,pakistan,372.0,233500636.0,86862236592.0
263,1989,$384,1.29,pakistan,384.0,233500636.0,89664244224.0
264,1988,$379,11.82,pakistan,379.0,233500636.0,88496741044.0
265,1987,$339,1.29,pakistan,339.0,233500636.0,79156715604.0
266,1986,$335,-0.83,pakistan,335.0,233500636.0,78222713060.0
267,1985,$338,-3.25,pakistan,338.0,233500636.0,78923214968.0
268,1984,$349,5.01,pakistan,349.0,233500636.0,81491721964.0
269,1983,$333,-9.71,pakistan,333.0,233500636.0,77755711788.0
270,1982,$368,5.74,pakistan,368.0,233500636.0,85928234048.0
271,1981,$348,14.93,pakistan,348.0,233500636.0,81258221328.0
272,1980,$303,16.31,pakistan,303.0,233500636.0,70750692708.0
273,1979,$261,7.08,pakistan,261.0,233500636.0,60943665996.0
274,1978,$243,14.15,pakistan,243.0,233500636.0,56740654548.0
275,1977,$213,11.43,pakistan,213.0,233500636.0,49735635468.0
276,1976,$191,13.82,pakistan,191.0,233500636.0,44598621476.0
277,1975,$168,22.59,pakistan,168.0,233500636.0,39228106848.0
278,1974,$137,35.53,pakistan,137.0,233500636.0,31989587132.0
279,1973,$101,-34.04,pakistan,101.0,233500636.0,23583564236.0
280,1972,$153,-14.1,pakistan,153.0,233500636.0,35725597308.0
281,1971,$179,3.53,pakistan,179.0,233500636.0,41796613844.0
282,1970,$172,12.42,pakistan,172.0,233500636.0,40162109392.0
283,1969,$153,5.12,pakistan,153.0,233500636.0,35725597308.0
284,1968,$146,4.91,pakistan,146.0,233500636.0,34091092856.0
285,1967,$139,10.81,pakistan,139.0,233500636.0,32456588404.0
286,1966,$126,7.81,pakistan,126.0,233500636.0,29421080136.0
287,1965,$116,11.03,pakistan,116.0,233500636.0,27086073776.0
288,1964,$105,9.59,pakistan,105.0,233500636.0,24517566780.0
289,1963,$96,4.8,pakistan,96.0,233500636.0,22416061056.0
290,1962,$91,2.14,pakistan,91.0,233500636.0,21248557876.0
291,1961,$89,7.28,pakistan,89.0,233500636.0,20781556604.0
292,1960,$83,7.28,pakistan,83.0,233500636.0,19380552788.0
293,2019,"$2,230",9.7,nigeria,2230.0,214028302.0,477283113460.0
294,2018,"$2,033",3.26,nigeria,2033.0,214028302.0,435119537966.0
295,2017,"$1,969",-9.53,nigeria,1969.0,214028302.0,421421726638.0
296,2016,"$2,176",-20.31,nigeria,2176.0,214028302.0,465725585152.0
297,2015,"$2,730",-15.27,nigeria,2730.0,214028302.0,584297264460.0
298,2014,"$3,223",7.49,nigeria,3223.0,214028302.0,689813217346.0
299,2013,"$2,998",9.14,nigeria,2998.0,214028302.0,641656849396.0
300,2012,"$2,747",8.99,nigeria,2747.0,214028302.0,587935745594.0
301,2011,"$2,520",9.94,nigeria,2520.0,214028302.0,539351321040.0
302,2010,"$2,292",21.21,nigeria,2292.0,214028302.0,490552868184.0
303,2009,"$1,891",-15.67,nigeria,1891.0,214028302.0,404727519082.0
304,2008,"$2,243",19.08,nigeria,2243.0,214028302.0,480065481386.0
305,2007,"$1,883",13.71,nigeria,1883.0,214028302.0,403015292666.0
306,2006,"$1,656",30.59,nigeria,1656.0,214028302.0,354430868112.0
307,2005,"$1,268",25.85,nigeria,1268.0,214028302.0,271387886936.0
308,2004,"$1,008",26.72,nigeria,1008.0,214028302.0,215740528416.0
309,2003,$795,7.23,nigeria,795.0,214028302.0,170152500090.0
310,2002,$742,25.64,nigeria,742.0,214028302.0,158809000084.0
311,2001,$590,3.95,nigeria,590.0,214028302.0,126276698180.0
312,2000,$568,14.08,nigeria,568.0,214028302.0,121568075536.0
313,1999,$498,6.05,nigeria,498.0,214028302.0,106586094396.0
314,1998,$469,-2.2,nigeria,469.0,214028302.0,100379273638.0
315,1997,$480,4.0,nigeria,480.0,214028302.0,102733584960.0
316,1996,$462,13.07,nigeria,462.0,214028302.0,98881075524.0
317,1995,$408,27.03,nigeria,408.0,214028302.0,87323547216.0
318,1994,$321,18.91,nigeria,321.0,214028302.0,68703084942.0
319,1993,$270,-43.37,nigeria,270.0,214028302.0,57787641540.0
320,1992,$477,-5.12,nigeria,477.0,214028302.0,102091500054.0
321,1991,$503,-11.39,nigeria,503.0,214028302.0,107656235906.0
322,1990,$568,19.67,nigeria,568.0,214028302.0,121568075536.0
323,1989,$474,-13.66,nigeria,474.0,214028302.0,101449415148.0
324,1988,$549,-8.19,nigeria,549.0,214028302.0,117501537798.0
325,1987,$598,-6.38,nigeria,598.0,214028302.0,127988924596.0
326,1986,$639,-27.59,nigeria,639.0,214028302.0,136764084978.0
327,1985,$883,-2.18,nigeria,883.0,214028302.0,188986990666.0
328,1984,$902,-26.21,nigeria,902.0,214028302.0,193053528404.0
329,1983,"$1,223",-33.69,nigeria,1223.0,214028302.0,261756613346.0
330,1982,"$1,844",-15.42,nigeria,1844.0,214028302.0,394668188888.0
331,1981,"$2,180",149.34,nigeria,2180.0,214028302.0,466581698360.0
332,1980,$874,32.03,nigeria,874.0,214028302.0,187060735948.0
333,1979,$662,25.59,nigeria,662.0,214028302.0,141686735924.0
334,1978,$527,-1.66,nigeria,527.0,214028302.0,112792915154.0
335,1977,$536,-3.68,nigeria,536.0,214028302.0,114719169872.0
336,1976,$557,27.0,nigeria,557.0,214028302.0,119213764214.0
337,1975,$438,8.81,nigeria,438.0,214028302.0,93744396276.0
338,1974,$403,59.71,nigeria,403.0,214028302.0,86253405706.0
339,1973,$252,20.56,nigeria,252.0,214028302.0,53935132104.0
340,1972,$209,30.56,nigeria,209.0,214028302.0,44731915118.0
341,1971,$160,-28.49,nigeria,160.0,214028302.0,34244528320.0
342,1970,$224,84.84,nigeria,224.0,214028302.0,47942339648.0
343,1969,$121,24.74,nigeria,121.0,214028302.0,25897424542.0
344,1968,$97,-2.22,nigeria,97.0,214028302.0,20760745294.0
345,1967,$99,-20.03,nigeria,99.0,214028302.0,21188801898.0
346,1966,$124,6.07,nigeria,124.0,214028302.0,26539509448.0
347,1965,$117,3.55,nigeria,117.0,214028302.0,25041311334.0
348,1964,$113,5.23,nigeria,113.0,214028302.0,24185198126.0
349,1963,$108,3.02,nigeria,108.0,214028302.0,23115056616.0
350,1962,$104,7.64,nigeria,104.0,214028302.0,22258943408.0
351,1961,$97,4.32,nigeria,97.0,214028302.0,20760745294.0
352,1960,$93,4.32,nigeria,93.0,214028302.0,19904632086.0
353,2019,"$8,717",-3.16,brazil,8717.0,211715973.0,1845528136641.0
354,2018,"$9,001",-9.31,brazil,9001.0,211715973.0,1905655472973.0
355,2017,"$9,925",13.95,brazil,9925.0,211715973.0,2101281032025.0
356,2016,"$8,710",-1.18,brazil,8710.0,211715973.0,1844046124830.0
357,2015,"$8,814",-27.23,brazil,8814.0,211715973.0,1866064586022.0
358,2014,"$12,113",-1.53,brazil,12113.0,211715973.0,2564515580949.0
359,2013,"$12,300",-0.56,brazil,12300.0,211715973.0,2604106467900.0
360,2012,"$12,370",-6.61,brazil,12370.0,211715973.0,2618926586010.0
361,2011,"$13,246",17.36,brazil,13246.0,211715973.0,2804389778358.0
362,2010,"$11,286",31.27,brazil,11286.0,211715973.0,2389426471278.0
363,2009,"$8,598",-2.64,brazil,8598.0,211715973.0,1820333935854.0
364,2008,"$8,831",20.18,brazil,8831.0,211715973.0,1869663757563.0
365,2007,"$7,348",24.83,brazil,7348.0,211715973.0,1555688969604.0
366,2006,"$5,886",22.88,brazil,5886.0,211715973.0,1246160217078.0
367,2005,"$4,790",31.7,brazil,4790.0,211715973.0,1014119510670.0
368,2004,"$3,637",18.45,brazil,3637.0,211715973.0,770010993801.0
369,2003,"$3,071",8.54,brazil,3071.0,211715973.0,650179753083.0
370,2002,"$2,829",-10.37,brazil,2829.0,211715973.0,598944487617.0
371,2001,"$3,157",-15.81,brazil,3157.0,211715973.0,668387326761.0
372,2000,"$3,750",7.8,brazil,3750.0,211715973.0,793934898750.0
373,1999,"$3,478",-31.62,brazil,3478.0,211715973.0,736348154094.0
374,1998,"$5,087",-3.69,brazil,5087.0,211715973.0,1076999154651.0
375,1997,"$5,282",2.24,brazil,5282.0,211715973.0,1118283769386.0
376,1996,"$5,166",8.8,brazil,5166.0,211715973.0,1093724716518.0
377,1995,"$4,748",35.64,brazil,4748.0,211715973.0,1005227439804.0
378,1994,"$3,501",25.42,brazil,3501.0,211715973.0,741217621473.0
379,1993,"$2,791",7.48,brazil,2791.0,211715973.0,590899280643.0
380,1992,"$2,597",-34.68,brazil,2597.0,211715973.0,549826381881.0
381,1991,"$3,975",28.23,brazil,3975.0,211715973.0,841570992675.0
382,1990,"$3,100",6.59,brazil,3100.0,211715973.0,656319516300.0
383,1989,"$2,908",26.44,brazil,2908.0,211715973.0,615670049484.0
384,1988,"$2,300",10.21,brazil,2300.0,211715973.0,486946737900.0
385,1987,"$2,087",7.51,brazil,2087.0,211715973.0,441851235651.0
386,1986,"$1,941",17.8,brazil,1941.0,211715973.0,410940703593.0
387,1985,"$1,648",4.38,brazil,1648.0,211715973.0,348907923504.0
388,1984,"$1,579",0.53,brazil,1579.0,211715973.0,334299521367.0
389,1983,"$1,571",-29.47,brazil,1571.0,211715973.0,332605793583.0
390,1982,"$2,227",4.4,brazil,2227.0,211715973.0,471491471871.0
391,1981,"$2,133",9.53,brazil,2133.0,211715973.0,451590170409.0
392,1980,"$1,947",2.03,brazil,1947.0,211715973.0,412210999431.0
393,1979,"$1,908",9.42,brazil,1908.0,211715973.0,403954076484.0
394,1978,"$1,744",11.31,brazil,1744.0,211715973.0,369232656912.0
395,1977,"$1,567",12.68,brazil,1567.0,211715973.0,331758929691.0
396,1976,"$1,391",20.52,brazil,1391.0,211715973.0,294496918443.0
397,1975,"$1,154",14.91,brazil,1154.0,211715973.0,244320232842.0
398,1974,"$1,004",29.52,brazil,1004.0,211715973.0,212562836892.0
399,1973,$775,32.25,brazil,775.0,211715973.0,164079879075.0
400,1972,$586,16.14,brazil,586.0,211715973.0,124065560178.0
401,1971,$505,13.42,brazil,505.0,211715973.0,106916566365.0
402,1970,$445,10.19,brazil,445.0,211715973.0,94213607985.0
403,1969,$404,7.76,brazil,404.0,211715973.0,85533253092.0
404,1968,$375,7.85,brazil,375.0,211715973.0,79393489875.0
405,1967,$347,10.04,brazil,347.0,211715973.0,73465442631.0
406,1966,$316,20.83,brazil,316.0,211715973.0,66902247468.0
407,1965,$261,-0.12,brazil,261.0,211715973.0,55257868953.0
408,1964,$262,-10.47,brazil,262.0,211715973.0,55469584926.0
409,1963,$292,12.22,brazil,292.0,211715973.0,61821064116.0
410,1962,$260,27.01,brazil,260.0,211715973.0,55046152980.0
411,1961,$205,-2.41,brazil,205.0,211715973.0,43401774465.0
412,1960,$210,-2.41,brazil,210.0,211715973.0,44460354330.0
413,2019,"$1,856",9.27,bangladesh,1856.0,162650853.0,301879983168.0
414,2018,"$1,698",8.6,bangladesh,1698.0,162650853.0,276181148394.0
415,2017,"$1,564",11.58,bangladesh,1564.0,162650853.0,254385934092.0
416,2016,"$1,402",12.27,bangladesh,1402.0,162650853.0,228036495906.0
417,2015,"$1,248",11.58,bangladesh,1248.0,162650853.0,202988264544.0
418,2014,"$1,119",13.95,bangladesh,1119.0,162650853.0,182006304507.0
419,2013,$982,11.18,bangladesh,982.0,162650853.0,159723137646.0
420,2012,$883,2.48,bangladesh,883.0,162650853.0,143620703199.0
421,2011,$862,10.32,bangladesh,862.0,162650853.0,140205035286.0
422,2010,$781,11.23,bangladesh,781.0,162650853.0,127030316193.0
423,2009,$702,10.6,bangladesh,702.0,162650853.0,114180898806.0
424,2008,$635,13.79,bangladesh,635.0,162650853.0,103283291655.0
425,2007,$558,9.5,bangladesh,558.0,162650853.0,90759175974.0
426,2006,$510,2.04,bangladesh,510.0,162650853.0,82951935030.0
427,2005,$499,5.09,bangladesh,499.0,162650853.0,81162775647.0
428,2004,$475,6.49,bangladesh,475.0,162650853.0,77259155175.0
429,2003,$446,8.04,bangladesh,446.0,162650853.0,72542280438.0
430,2002,$413,-0.47,bangladesh,413.0,162650853.0,67174802289.0
431,2001,$415,-0.73,bangladesh,415.0,162650853.0,67500103995.0
432,2000,$418,2.08,bangladesh,418.0,162650853.0,67988056554.0
433,1999,$410,0.52,bangladesh,410.0,162650853.0,66686849730.0
434,1998,$407,1.48,bangladesh,407.0,162650853.0,66198897171.0
435,1997,$401,1.72,bangladesh,401.0,162650853.0,65222992053.0
436,1996,$395,19.82,bangladesh,395.0,162650853.0,64247086935.0
437,1995,$329,9.98,bangladesh,329.0,162650853.0,53512130637.0
438,1994,$300,-0.34,bangladesh,300.0,162650853.0,48795255900.0
439,1993,$301,2.35,bangladesh,301.0,162650853.0,48957906753.0
440,1992,$294,0.17,bangladesh,294.0,162650853.0,47819350782.0
441,1991,$293,-4.28,bangladesh,293.0,162650853.0,47656699929.0
442,1990,$306,7.15,bangladesh,306.0,162650853.0,49771161018.0
443,1989,$286,5.59,bangladesh,286.0,162650853.0,46518143958.0
444,1988,$271,6.59,bangladesh,271.0,162650853.0,44078381163.0
445,1987,$254,8.69,bangladesh,254.0,162650853.0,41313316662.0
446,1986,$234,-4.81,bangladesh,234.0,162650853.0,38060299602.0
447,1985,$245,14.7,bangladesh,245.0,162650853.0,39849458985.0
448,1984,$214,4.69,bangladesh,214.0,162650853.0,34807282542.0
449,1983,$204,-7.39,bangladesh,204.0,162650853.0,33180774012.0
450,1982,$221,-10.87,bangladesh,221.0,162650853.0,35945838513.0
451,1981,$248,8.74,bangladesh,248.0,162650853.0,40337411544.0
452,1980,$228,13.44,bangladesh,228.0,162650853.0,37084394484.0
453,1979,$201,14.05,bangladesh,201.0,162650853.0,32692821453.0
454,1978,$176,34.0,bangladesh,176.0,162650853.0,28626550128.0
455,1977,$131,-6.96,bangladesh,131.0,162650853.0,21307261743.0
456,1976,$141,-49.13,bangladesh,141.0,162650853.0,22933770273.0
457,1975,$278,52.49,bangladesh,278.0,162650853.0,45216937134.0
458,1974,$182,52.24,bangladesh,182.0,162650853.0,29602455246.0
459,1973,$120,26.68,bangladesh,120.0,162650853.0,19518102360.0
460,1972,$94,-29.33,bangladesh,94.0,162650853.0,15289180182.0
461,1971,$134,-4.61,bangladesh,134.0,162650853.0,21795214302.0
462,1970,$140,3.59,bangladesh,140.0,162650853.0,22771119420.0
463,1969,$135,10.01,bangladesh,135.0,162650853.0,21957865155.0
464,1968,$123,-0.02,bangladesh,123.0,162650853.0,20006054919.0
465,1967,$123,9.06,bangladesh,123.0,162650853.0,20006054919.0
466,1966,$113,5.64,bangladesh,113.0,162650853.0,18379546389.0
467,1965,$107,6.41,bangladesh,107.0,162650853.0,17403641271.0
468,1964,$100,-1.65,bangladesh,100.0,162650853.0,16265085300.0
469,1963,$102,1.78,bangladesh,102.0,162650853.0,16590387006.0
470,1962,$100,2.59,bangladesh,100.0,162650853.0,16265085300.0
471,1961,$98,9.61,bangladesh,98.0,162650853.0,15939783594.0
472,1960,$89,9.61,bangladesh,89.0,162650853.0,14475925917.0
473,2019,"$11,585",1.88,russia,11585.0,141722205.0,1641851744925.0
474,2018,"$11,371",6.07,russia,11371.0,141722205.0,1611523193055.0
475,2017,"$10,720",23.15,russia,10720.0,141722205.0,1519262037600.0
476,2016,"$8,705",-6.53,russia,8705.0,141722205.0,1233691794525.0
477,2015,"$9,313",-33.93,russia,9313.0,141722205.0,1319858895165.0
478,2014,"$14,096",-11.76,russia,14096.0,141722205.0,1997716201680.0
479,2013,"$15,975",3.59,russia,15975.0,141722205.0,2264012224875.0
480,2012,"$15,421",7.75,russia,15421.0,141722205.0,2185498123305.0
481,2011,"$14,311",34.06,russia,14311.0,141722205.0,2028186475755.0
482,2010,"$10,675",24.67,russia,10675.0,141722205.0,1512884538375.0
483,2009,"$8,563",-26.41,russia,8563.0,141722205.0,1213567241415.0
484,2008,"$11,635",27.84,russia,11635.0,141722205.0,1648937855175.0
485,2007,"$9,101",31.52,russia,9101.0,141722205.0,1289813787705.0
486,2006,"$6,920",29.99,russia,6920.0,141722205.0,980717658600.0
487,2005,"$5,323",29.77,russia,5323.0,141722205.0,754387297215.0
488,2004,"$4,102",37.89,russia,4102.0,141722205.0,581344484910.0
489,2003,"$2,975",25.14,russia,2975.0,141722205.0,421623559875.0
490,2002,"$2,378",13.2,russia,2378.0,141722205.0,337015403490.0
491,2001,"$2,100",18.56,russia,2100.0,141722205.0,297616630500.0
492,2000,"$1,772",33.13,russia,1772.0,141722205.0,251131747260.0
493,1999,"$1,331",-27.47,russia,1331.0,141722205.0,188632254855.0
494,1998,"$1,835",-32.97,russia,1835.0,141722205.0,260060246175.0
495,1997,"$2,738",3.54,russia,2738.0,141722205.0,388035397290.0
496,1996,"$2,644",-0.82,russia,2644.0,141722205.0,374713510020.0
497,1995,"$2,666",0.14,russia,2666.0,141722205.0,377831398530.0
498,1994,"$2,662",-9.16,russia,2662.0,141722205.0,377264509710.0
499,1993,"$2,931",-5.43,russia,2931.0,141722205.0,415387782855.0
500,1992,"$3,099",-11.22,russia,3099.0,141722205.0,439197113295.0
501,1991,"$3,490",-0.06,russia,3490.0,141722205.0,494610495450.0
502,1990,"$3,493",1.87,russia,3493.0,141722205.0,495035662065.0
503,1989,"$3,429",-9.23,russia,3429.0,141722205.0,485965440945.0
504,1988,"$3,777",-9.23,russia,3777.0,141722205.0,535284768285.0
505,2019,"$9,863",1.96,mexico,9863.0,128649565.0,1268870659595.0
506,2018,"$9,673",4.26,mexico,9673.0,128649565.0,1244427242245.0
507,2017,"$9,278",6.16,mexico,9278.0,128649565.0,1193610664070.0
508,2016,"$8,740",-9.02,mexico,8740.0,128649565.0,1124397198100.0
509,2015,"$9,606",-12.05,mexico,9606.0,128649565.0,1235807721390.0
510,2014,"$10,922",1.84,mexico,10922.0,128649565.0,1405110548930.0
511,2013,"$10,725",4.72,mexico,10725.0,128649565.0,1379766584625.0
512,2012,"$10,242",0.38,mexico,10242.0,128649565.0,1317628844730.0
513,2011,"$10,203",10.05,mexico,10203.0,128649565.0,1312611511695.0
514,2010,"$9,271",15.85,mexico,9271.0,128649565.0,1192710117115.0
515,2009,"$8,003",-20.1,mexico,8003.0,128649565.0,1029582468695.0
516,2008,"$10,017",3.88,mexico,10017.0,128649565.0,1288682692605.0
517,2007,"$9,643",6.33,mexico,9643.0,128649565.0,1240567755295.0
518,2006,"$9,068",9.55,mexico,9068.0,128649565.0,1166594255420.0
519,2005,"$8,278",10.6,mexico,8278.0,128649565.0,1064961099070.0
520,2004,"$7,484",5.78,mexico,7484.0,128649565.0,962813344460.0
521,2003,"$7,075",-6.82,mexico,7075.0,128649565.0,910195672375.0
522,2002,"$7,593",0.64,mexico,7593.0,128649565.0,976836147045.0
523,2001,"$7,545",5.4,mexico,7545.0,128649565.0,970660967925.0
524,2000,"$7,158",16.25,mexico,7158.0,128649565.0,920873586270.0
525,1999,"$6,157",12.33,mexico,6157.0,128649565.0,792095371705.0
526,1998,"$5,481",3.63,mexico,5481.0,128649565.0,705128265765.0
527,1997,"$5,289",19.88,mexico,5289.0,128649565.0,680427549285.0
528,1996,"$4,412",12.32,mexico,4412.0,128649565.0,567601880780.0
529,1995,"$3,928",-32.9,mexico,3928.0,128649565.0,505335491320.0
530,1994,"$5,854",3.62,mexico,5854.0,128649565.0,753114553510.0
531,1993,"$5,650",35.47,mexico,5650.0,128649565.0,726870042250.0
532,1992,"$4,171",13.89,mexico,4171.0,128649565.0,536597335615.0
533,1991,"$3,662",17.66,mexico,3662.0,128649565.0,471114707030.0
534,1990,"$3,112",15.79,mexico,3112.0,128649565.0,400357446280.0
535,1989,"$2,688",19.57,mexico,2688.0,128649565.0,345810030720.0
536,1988,"$2,248",20.67,mexico,2248.0,128649565.0,289204222120.0
537,1987,"$1,863",7.44,mexico,1863.0,128649565.0,239674139595.0
538,1986,"$1,734",-32.51,mexico,1734.0,128649565.0,223078345710.0
539,1985,"$2,569",3.67,mexico,2569.0,128649565.0,330500732485.0
540,1984,"$2,478",15.39,mexico,2478.0,128649565.0,318793622070.0
541,1983,"$2,148",-17.33,mexico,2148.0,128649565.0,276339265620.0
542,1982,"$2,598",-31.69,mexico,2598.0,128649565.0,334231569870.0
543,1981,"$3,803",25.62,mexico,3803.0,128649565.0,489254295695.0
544,1980,"$3,027",48.77,mexico,3027.0,128649565.0,389422233255.0
545,1979,"$2,035",28.05,mexico,2035.0,128649565.0,261801864775.0
546,1978,"$1,589",22.13,mexico,1589.0,128649565.0,204424158785.0
547,1977,"$1,301",-10.48,mexico,1301.0,128649565.0,167373084065.0
548,1976,"$1,454",-1.53,mexico,1454.0,128649565.0,187056467510.0
549,1975,"$1,476",18.86,mexico,1476.0,128649565.0,189886757940.0
550,1974,"$1,242",26.56,mexico,1242.0,128649565.0,159782759730.0
551,1973,$981,18.75,mexico,981.0,128649565.0,126205223265.0
552,1972,$826,11.9,mexico,826.0,128649565.0,106264540690.0
553,1971,$739,7.07,mexico,739.0,128649565.0,95072028535.0
554,1970,$690,6.07,mexico,690.0,128649565.0,88768199850.0
555,1969,$650,7.27,mexico,650.0,128649565.0,83622217250.0
556,1968,$606,7.17,mexico,606.0,128649565.0,77961636390.0
557,1967,$566,5.87,mexico,566.0,128649565.0,72815653790.0
558,1966,$534,7.94,mexico,534.0,128649565.0,68698867710.0
559,1965,$495,5.43,mexico,495.0,128649565.0,63681534675.0
560,1964,$469,14.77,mexico,469.0,128649565.0,60336645985.0
561,1963,$409,8.17,mexico,409.0,128649565.0,52617672085.0
562,1962,$378,4.06,mexico,378.0,128649565.0,48629535570.0
563,1961,$363,5.26,mexico,363.0,128649565.0,46699792095.0
564,1960,$345,5.26,mexico,345.0,128649565.0,44384099925.0
